,n_speakers,glottocode
0,0,klin1234
1,0,zapa1253
2,0,matt1238
3,0,wail1244
4,0,corn1251
5,0,part1239
6,0,gala1252
7,0,eyak1241
8,0,kiow1264
9,0,tagi1240
10,0,sire1246
11,0,aves1237
12,0,tran1289
13,0,khwa1238
14,0,chur1257
15,0,clal1241
16,0,jewi1240
17,0,oroc1248
18,0,livv1244
19,0,kott1239
20,0,yeva1238
21,0,yuro1248
22,0,berb1259
23,0,olds1250
24,0,idoo1234
25,0,oldr1238
26,0,akka1237
27,0,oldi1245
28,0,elym1237
29,0,akab1248
30,0,akka1240
31,0,dalm1243
32,0,fali1291
33,0,gaga1251
34,0,goth1244
35,0,etru1241
36,0,kemi1239
37,0,lusi1235
38,0,kama1351
39,0,lepo1240
40,0,copt1239
41,0,midd1317
42,0,kulo1237
43,0,raet1238
44,0,oldn1246
45,0,pali1273
46,0,pola1255
47,0,sume1241
48,0,tart1237
49,0,slov1270
50,0,chag1247
51,0,vand1245
52,0,vene1257
53,0,wiyo1248
54,0,zarp1238
55,0,celt1247
56,0,lite1248
57,0,olde1238
58,0,ronc1236
59,0,zemg1234
60,0,beot1247
61,0,yugh1239
62,0,shua1252
63,0,wich1260
64,0,kits1249
65,0,akur1238
66,0,elmo1238
67,0,tupi1273
68,0,tupi1274
69,0,east2805
70,0,sogd1245
71,0,yama1264
72,0,midd1343
73,0,pict1238
74,0,pech1242
75,0,iton1250
76,0,west3001
77,100,unse1236
78,35,meno1252
79,80,ahte1237
80,70,anus1237
81,40,dege1248
82,75,tana1289
83,50,nauk1242
84,35,uppe1438
85,100,uppe1437
86,43,enet1250
87,29,voti1245
88,62,voti1245
89,55,cayu1261
90,44,chul1246
91,75,chic1270
92,90,haid1248
93,50,kora1289
94,100,kute1249
95,82,itel1242
96,74,negi1245
97,80,kara1464
98,47,orok1265
99,50,prus1238
100,50,maca1262
101,50,inte1260
102,35,paca1245
103,100,prin1242
104,93,kara1462
105,25,pite1240
106,50,pite1240
107,40,nort2745
108,100,nupo1240
109,35,mari1440
110,100,umes1235
111,70,wymy1235
112,50,sout2750
113,33,iowa1245
114,50,bara1357
115,66,bell1263
116,70,kava1241
117,100,tari1256
118,55,onei1249
119,81,arao1248
120,30,jebe1250
121,40,onon1246
122,100,sene1264
123,50,kota1280
124,50,arii1243
125,100,alab1237
126,75,plai1235
127,100,pyuu1245
128,23,lara1258
129,50,arab1268
130,35,iqui1243
131,100,goon1238
132,90,iten1243
133,82,isco1239
134,52,yidi1250
135,45,kash1280
136,27,koru1247
137,54,kwaz1243
138,70,orej1242
139,50,sooo1256
140,91,japr1238
141,60,mash1270
142,30,mala1544
143,30,wira1262
144,90,kumb1268
145,50,mirn1241
146,50,nort2691
147,45,broo1238
148,60,gura1252
149,90,heil1246
150,32,kuli1255
151,50,moro1289
152,92,mudb1240
153,58,naka1260
154,30,pamm1242
155,50,sala1269
156,30,yamd1240
157,95,yahu1241
158,30,yawu1244
159,30,amii1238
160,20,mari1422
161,20,mari1421
162,20,mari1423
163,35,ibuu1240
164,25,umat1237
165,40,como1259
166,26,kart1247
167,50,yulp1239
168,50,yulp1238
169,25,mand1416
170,97,beic1238
171,62,sivi1235
172,70,miya1268
173,62,dhal1246
174,30,gosi1242
175,70,noak1234
176,70,hati1234
177,1,tagi1240
178,2,tagi1240
179,1,itel1242
180,2,omag1248
181,1,chin1272
182,1,yugh1239
183,0,midd1316
184,0,mino1236
185,0,nege1244
186,1,taus1253
187,0,omur1241
188,0,taiv1237
189,0,pent1242
190,0,cayu1241
191,1,squa1248
192,0,skep1238
193,0,ngur1260
194,0,osag1243
195,0,cost1250
196,0,djiw1239
197,0,djiw1241
198,0,oldp1253
199,0,ando1255
200,0,akaj1239
201,0,cahu1268
202,0,umbu1235
203,1,tini1245
204,0,cayu1262
205,0,chic1271
206,0,urub1243
207,0,neuc1242
208,0,amar1271
209,0,plai1259
210,1,nort2966
211,0,oldw1238
212,0,aush1242
213,0,akak1251
214,0,zhan1239
215,1,resi1247
216,1,para1316
217,0,chuv1256
218,0,oldb1248
219,0,pael1234
220,0,nyaw1247
221,0,weyt1237
222,0,sill1240
223,1,chan1296
224,0,giyu1238
225,0,coro1248
226,0,lowe1436
227,0,mimi1241
228,0,mink1237
229,0,anga1315
230,0,oldk1238
231,0,ouma1237
232,0,pata1261
233,0,renn1236
234,0,tand1253
235,0,wara1290
236,0,nort2757
237,0,fran1264
238,0,abip1241
239,0,kent1253
240,0,carg1238
241,0,tall1235
242,0,papu1254
243,0,dhun1239
244,0,yaga1256
245,0,yaga1262
246,0,sakh1245
247,0,kuri1271
248,0,tolc1238
249,0,arma1243
250,0,oldc1254
251,0,pael1234
252,0,west2616
253,0,kama1354
254,103,udih1248
255,154,ulch1241
256,190,mika1239
257,200,mogh1245
258,160,beav1236
259,200,aleu1260
260,200,wail1242
261,175,babi1235
262,200,afro1253
263,200,afro1254
264,150,helg1238
265,300,koyu1237
266,250,coca1259
267,300,inar1241
268,150,kett1243
269,120,ingr1248
270,120,ilit1241
271,300,mura1273
272,150,idoo1234
273,200,budu1248
274,210,karo1305
275,105,stra1244
276,198,gily1242
277,300,tani1257
278,125,ngan1291
279,200,zena1248
280,134,yugh1239
281,140,yola1237
282,140,cypr1248
283,210,akhv1239
284,200,dger1238
285,200,rasa1243
286,130,ghod1238
287,271,jaru1257
288,210,botl1242
289,200,atsu1245
290,200,ling1267
291,290,paum1247
292,200,toro1255
293,110,buna1275
294,130,kwin1243
295,200,jude1255
296,169,kitj1240
297,250,foxx1245
298,200,waru1265
299,220,siaw1243
300,255,pomo1273
301,200,juri1235
302,200,uruu1244
303,150,muin1242
304,142,daww1239
305,210,nang1262
306,156,miri1266
307,250,reye1240
308,140,suru1263
309,190,ocai1244
310,250,cacu1241
311,250,nort3153
312,100,nezp1238
313,125,iran1263
314,200,aika1237
315,150,cara1245
316,100,anse1238
317,270,cabi1241
318,220,siri1274
319,230,mehi1240
320,240,bare1276
321,200,aran1261
322,229,tuba1280
323,280,juru1256
324,290,murk1238
325,290,ambr1239
326,170,awet1244
327,112,cuma1240
328,110,darl1243
329,270,kaxa1239
330,220,kiss1246
331,250,khap1242
332,180,maii1238
333,232,nyun1247
334,140,tawo1244
335,170,ukur1240
336,100,ukwa1238
337,116,guma1253
338,240,guma1253
339,220,chin1475
340,120,trum1247
341,200,mbal1255
342,150,vish1243
343,250,nant1250
344,208,twee1234
345,100,yulp1239
346,200,yulp1239
347,100,yulp1238
348,200,yulp1238
349,207,bana1307
350,280,jede1239
351,178,yano1269
352,10,ainu1252
353,8,hupa1239
354,11,alut1245
355,10,hann1241
356,12,hann1241
357,14,hann1241
358,19,hann1241
359,15,lowe1425
360,4,coeu1236
361,3,bade1240
362,5,hinu1240
363,7,kusu1250
364,20,manc1252
365,20,wash1253
366,8,dyir1250
367,12,bira1253
368,2,ters1235
369,20,novi1234
370,20,vola1234
371,4,bald1241
372,2,yugh1239
373,6,cahu1264
374,10,arik1262
375,12,qawa1238
376,5,arut1244
377,10,gros1243
378,20,kiow1266
379,10,pawn1254
380,5,wint1259
381,12,mapo1246
382,4,kana1286
383,20,aben1250
384,4,taba1264
385,10,saar1237
386,12,karo1304
387,3,medn1235
388,10,paun1241
389,4,tane1237
390,12,alaw1244
391,2,cham1318
392,3,nuuu1241
393,12,cent2140
394,4,guat1253
395,6,natc1249
396,10,tana1281
397,10,kata1270
398,10,cari1279
399,5,orow1243
400,8,yawa1261
401,3,saba1268
402,5,abag1245
403,20,yaba1248
404,8,kaya1319
405,6,sout3266
406,11,liki1241
407,5,kano1245
408,20,atsa1242
409,3,kuyu1236
410,5,cauq1239
411,2,nonu1241
412,2,giyu1238
413,8,juml1239
414,10,saoc1239
415,20,lumm1243
416,15,mara1386
417,15,waga1259
418,15,mari1424
419,20,mari1424
420,2,mawa1271
421,4,mirn1245
422,5,ngad1258
423,10,ngad1258
424,4,ouma1237
425,5,wadj1254
426,3,wang1290
427,6,yawu1244
428,5.5,yayg1236
429,6,baca1243
430,15,mari1417
431,8,mari1419
432,3,mart1254
433,10,piru1241
434,10,hulu1246
435,8,mala1544
436,4,inap1242
437,4,pudi1238
438,19,yulp1239
439,19,yulp1238
440,14,west2630
441,10,ainu1240
442,10,hokk1243
443,15,tund1254
444,10,fore1265
445,3,kake1234
446,10,latu1238
447,11,fren1280
448,79000,luxe1244
449,107000,bret1244
450,80000,sout2679
451,110000,occi1239
452,90000,scot1243
453,99200,scot1243
454,85000,eski1264
455,90000,inui1246
456,112960,arom1237
457,100000,astu1245
458,110000,astu1245
459,100000,astu1246
460,110000,astu1246
461,96860,erzy1239
462,116280,gilb1244
463,96085,daur1238
464,74499,voro1243
465,77000,brit1235
466,100000,iroq1247
467,108000,kash1274
468,90000,sara1340
469,100000,norm1245
470,115000,papi1253
471,87119,noga1249
472,73000,sese1246
473,84000,turo1239
474,93000,abur1243
475,70100,burj1242
476,80000,ciac1237
477,116700,ejag1239
478,80000,auve1239
479,80000,auve1240
480,92000,ixil1251
481,100000,fana1235
482,85000,jude1258
483,75000,lepc1244
484,80000,nara1262
485,100000,tada1238
486,86000,shel1236
487,108469,czec1259
488,83259,yimc1240
489,106000,jude1256
490,92600,bask1236
491,80000,zaiw1241
492,112900,taha1241
493,85000,isth1244
494,91000,omii1238
495,110000,prek1239
496,100000,gall1276
497,72000,agar1251
498,96000,paiw1248
499,80000,atay1247
500,98000,kwer1261
501,94700,male1284
502,100000,sass1235
503,100000,arbe1236
504,110000,beli1260
505,100000,jiva1245
506,87000,ende1246
507,110000,ende1246
508,110000,kang1289
509,110000,sabu1255
510,72000,nort2972
511,90000,torw1241
512,105000,lioo1240
513,80597,galo1242
514,95200,aush1241
515,91000,sout3056
516,100000,digo1242
517,100000,mwan1247
518,86000,mula1253
519,110000,ibal1244
520,116000,nort2976
521,73567,asha1243
522,77700,warj1253
523,110000,yaka1277
524,110000,yako1252
525,80000,ngiz1242
526,101000,sibe1250
527,98000,adon1237
528,100000,lari1253
529,80000,biao1257
530,100000,dava1250
531,100000,kere1283
532,100000,ngit1239
533,78000,nort2883
534,100000,tail1248
535,95000,tbol1240
536,90000,yaru1256
537,100000,ntom1248
538,79000,saga1256
539,100000,bahr1247
540,75000,balk1253
541,91000,kanj1259
542,105000,sout2784
543,310,rata1245
544,420,skol1241
545,600,sons1242
546,600,sout2674
547,600,corn1251
548,500,tlin1245
549,450,paci1278
550,500,solr1238
551,360,tutc1236
552,550,gull1241
553,448,jaqa1244
554,350,kild1236
555,500,kild1236
556,400,norf1243
557,389,pira1253
558,600,selk1253
559,600,yank1247
560,400,yona1241
561,500,amar1274
562,400,daha1245
563,370,koas1236
564,400,shab1252
565,450,puka1242
566,532,pitc1234
567,300,turk1288
568,300,yima1243
569,400,cimb1238
570,400,beel1236
571,400,wamp1249
572,600,hixk1239
573,500,cham1309
574,300,abin1243
575,340,para1310
576,400,pela1242
577,550,eska1234
578,482,cara1272
579,440,thom1243
580,310,tema1239
581,570,tuyu1244
582,400,tatu1247
583,300,vedd1240
584,319,kwam1249
585,600,chac1251
586,500,kwak1269
587,600,para1299
588,400,hind1273
589,310,amah1246
590,370,ando1256
591,514,acha1250
592,600,baha1256
593,500,waim1255
594,600,yale1246
595,400,siri1273
596,340,gard1245
597,377,yind1247
598,500,toll1241
599,590,male1292
600,600,kama1373
601,530,koko1269
602,513,maca1259
603,340,nort3153
604,320,mati1255
605,570,enaw1238
606,370,nade1244
607,400,zeem1242
608,320,waur1244
609,550,sion1247
610,300,bara1367
611,350,suya1243
612,350,awyi1241
613,350,coas1300
614,400,yuhu1238
615,400,emer1243
616,500,caqu1242
617,500,kumi1248
618,500,kwat1246
619,310,dhan1270
620,400,east2472
621,300,finl1235
622,388,kuku1273
623,500,kola1285
624,340,lore1244
625,600,malu1245
626,371,maun1240
627,312,narr1259
628,600,nila1244
629,350,kada1286
630,500,tebu1240
631,300,trim1239
632,300,zaca1242
633,500,ikpe1245
634,300,swis1235
635,500,tibe1277
636,430,yaro1235
637,450,mouw1234
638,1200,auhe1237
639,1000,naur1243
640,730,mich1243
641,670,gwic1235
642,845,tlin1245
643,391200,luxe1244
644,570000,malt1254
645,600000,reun1238
646,410000,sora1254
647,345530,ming1252
648,526000,occi1239
649,542000,occi1239
650,480000,fris1239
651,575900,adyg1241
652,445000,aram1259
653,450000,astu1245
654,450000,astu1246
655,457900,sile1253
656,340500,dhiv1236
657,600000,bata1293
658,367000,bert1248
659,500000,bugi1244
660,431000,chav1241
661,341270,fiji1243
662,480000,khmu1255
663,480000,khmu1256
664,500000,uppe1455
665,552740,crim1257
666,575000,clas1252
667,583410,kara1467
668,460000,iraq1241
669,600000,lozi1239
670,431800,kalm1244
671,600000,mori1278
672,478000,kork1243
673,350000,masb1238
674,500000,sang1327
675,599000,sang1327
676,599250,osse1245
677,415700,sran1240
678,413257,samo1305
679,415720,samo1305
680,500000,pica1241
681,400000,tetu1245
682,463500,tetu1245
683,430000,tati1242
684,450000,yaku1245
685,490000,awng1244
686,420000,nucl1418
687,425000,brou1236
688,347000,benc1235
689,500000,kaqc1270
690,347005,goem1240
691,578000,ewon1239
692,420000,kekc1242
693,397000,duru1249
694,450000,lahu1253
695,440000,lobi1245
696,400000,ngas1240
697,500000,ligu1248
698,500000,lush1249
699,426212,kumy1244
700,550000,mixt1427
701,500000,asut1235
702,500000,tora1261
703,350000,tzot1259
704,355000,zigu1242
705,355000,zigu1244
706,380000,fiji1242
707,470000,kome1238
708,488900,kuyy1240
709,390000,buna1280
710,420000,limb1266
711,560000,akha1245
712,350000,peng1244
713,500000,samo1265
714,400000,cham1328
715,354500,prov1235
716,470000,mari1278
717,563670,balk1252
718,500000,tsot1242
719,591448,colo1257
720,400000,iban1267
721,480000,adho1243
722,464000,balk1254
723,538480,vlax1238
724,350000,reja1240
725,363000,kama1363
726,350000,kuvi1243
727,395124,pnar1238
728,410000,jola1263
729,365316,east2328
730,470000,east2328
731,482000,east2328
732,400000,mara1382
733,500000,tama1365
734,570000,korw1242
735,580000,lala1264
736,500000,puno1238
737,382000,taab1238
738,341400,west2710
739,460000,west2800
740,511000,mixt1422
741,1000000,yidd1255
742,750000,basq1248
743,190110,abkh1244
744,141000,iris1253
745,120000,russ1255
746,185000,urum1249
747,169369,nava1243
748,150000,torn1244
749,148000,penn1240
750,180000,atha1247
751,134000,mari1414
752,117500,adyg1241
753,150000,bant1288
754,150000,dhat1238
755,160000,bahn1262
756,200000,dong1285
757,171000,dzon1239
758,171000,nucl1307
759,151000,cors1241
760,151000,cors1242
761,120000,cuyo1237
762,134000,bada1257
763,148720,gaga1249
764,200000,koda1255
765,179467,loth1237
766,120000,hiri1237
767,180000,hiri1237
768,140000,paez1247
769,175000,sika1262
770,169000,samo1305
771,200000,pica1241
772,126900,taba1259
773,186010,tong1325
774,156000,komi1268
775,152000,tigr1271
776,122000,tokp1240
777,152000,tuuu1240
778,170000,sant1432
779,180000,chol1282
780,190000,gari1256
781,150000,huas1242
782,121000,kusa1250
783,130000,mamb1306
784,150000,tumz1238
785,140000,nafu1238
786,137000,ladi1251
787,154820,lakk1252
788,200000,east2282
789,150000,sher1255
790,175000,pure1242
791,175000,tsha1245
792,117500,bish1244
793,132000,gall1275
794,140000,anua1242
795,200000,east2288
796,200000,bour1247
797,130000,nucl1696
798,195000,fipa1238
799,170000,roma1241
800,180000,misk1235
801,165000,cari1275
802,124000,ende1246
803,150000,maan1238
804,180000,kore1273
805,150000,anti1245
806,125000,haka1240
807,160000,lukp1238
808,176000,ronn1241
809,137000,pamo1252
810,120000,khun1259
811,140000,oaxa1241
812,157000,kund1255
813,168234,binu1244
814,183000,mwin1241
815,150000,carp1235
816,180000,cent2100
817,150000,guer1241
818,159200,koor1239
819,180000,lama1277
820,156000,lenj1248
821,119700,makw1236
822,195000,mesq1240
823,187000,muna1247
824,146000,nkoy1244
825,132000,ngul1246
826,130000,poke1238
827,180000,west2594
828,120000,huiz1243
829,150000,west2409
830,190000,apam1237
831,176000,thar1283
832,140000,west2631
833,184500,west2716
834,133000,nort3280
835,321040,icel1247
836,253000,aari1239
837,285000,aari1239
838,232600,mont1282
839,303000,luxe1244
840,270000,udmu1245
841,300000,saur1248
842,250000,nama1264
843,5870300,nucl1301
844,5413380,finn1318
845,8900000,quec1387
846,7000000,croa1245
847,4873396,stan1289
848,9000000,bulg1262
849,6200000,alba1267
850,6700000,arme1241
851,9244250,swed1254
852,5520860,dani1284
853,5621380,dani1284
854,6000000,dani1284
855,5520860,dani1285
856,5621380,dani1285
857,6000000,dani1285
858,5200000,norw1258
859,10700000,czec1258
860,6000000,slov1269
861,7600000,bela1254
862,5225552,laoo1244
863,5200000,mong1331
864,6975120,turk1304
865,9303950,hebr1246
866,9000000,serb1264
867,8177300,xhos1239
868,10400000,uigh1240
869,5530000,mina1268
870,7200000,afri1274
871,10300000,afri1274
872,5200000,tata1255
873,5000000,lowg1239
874,5000000,nakh1245
875,11000000,akan1250
876,5000000,beta1252
877,7600000,balo1260
878,5017800,bugi1244
879,8000000,hmon1336
880,7000000,finn1317
881,10000000,malv1243
882,6000000,lamb1269
883,9600000,hait1244
884,6900000,kash1277
885,10800000,rund1242
886,6623000,kiku1240
887,5016500,core1256
888,7500000,neap1235
889,7430000,maku1279
890,9000000,mund1335
891,7200000,sant1410
892,8300000,core1255
893,8300000,shon1251
894,5040000,tupi1275
895,5800000,tigr1271
896,7507780,tigr1271
897,7000000,tumb1250
898,8000000,tach1250
899,6300000,luba1249
900,7400000,konk1270
901,6000000,sout2807
902,5586000,kaby1243
903,9100000,ilok1237
904,8200000,hili1240
905,7600000,moss1236
906,10300000,mind1253
907,11000000,minb1244
908,6000000,quec1389
909,7250000,cent1972
910,5830000,wola1242
911,6000000,umbu1257
912,10500000,taiz1242
913,4900000,east2299
914,10000000,alem1243
915,9600000,dari1249
916,5065879,hind1271
917,6000000,nort2740
918,6029500,nort2740
919,9600000,dhun1238
920,6800000,iris1255
921,5000000,ouji1238
922,7000000,sadr1248
923,7303740,queb1247
924,7800000,quec1388
925,6000000,oldm1245
926,7247800,zena1250
927,8000000,bagh1251
928,5000000,mewa1250
929,5430000,suku1261
930,5000000,mewa1249
931,9220610,nort2697
932,5000000,luri1252
933,6520000,cent1973
934,5000000,ghan1244
935,6000000,puer1238
936,9100000,cong1236
937,9270000,cent2050
938,10900000,sout2649
939,5000000,west2924
940,39700000,poli1260
941,23100000,dutc1256
942,15437390,swah1254
943,860,chil1280
944,1200,aree1239
945,915,coma1245
946,800,hadz1240
947,800,ishk1244
948,749,laal1242
949,1000,istr1245
950,785,krym1236
951,1050,ormu1247
952,1000,shos1248
953,1000,treg1243
954,970,arch1244
955,1000,abon1238
956,1000,khin1240
957,1000,istr1244
958,900,seri1257
959,700,lule1254
960,1000,tidi1241
961,1000,arap1274
962,800,anem1249
963,780,gugu1255
964,740,deni1241
965,1000,hunz1247
966,1049,oira1263
967,900,wutu1244
968,950,baka1277
969,1000,waka1280
970,880,cypr1249
971,1120,cand1248
972,958,saki1247
973,750,alpi1239
974,650,guar1293
975,1135,pipi1250
976,1200,oroq1238
977,720,sout2994
978,1200,keii1239
979,1200,uruc1242
980,1200,cash1254
981,957,kala1377
982,1000,gong1251
983,650,apal1257
984,1142,pile1238
985,1000,guay1257
986,700,esee1248
987,760,xokl1240
988,1080,jama1261
989,930,gitx1241
990,690,gone1237
991,1000,kang1281
992,700,pano1254
993,1000,louu1245
994,1032,macu1260
995,1000,airo1242
996,610,nisg1240
997,831,kaku1242
998,831,nuka1242
999,740,rama1270
1000,800,west2548
1001,1200,seco1241
1002,999,tupi1284
1003,800,tean1237
1004,910,vang1243
1005,1000,wano1243
1006,1000,koro1296
1007,1000,tala1295
1008,800,korl1238
1009,1000,kuik1246
1010,1070,bura1267
1011,900,yuwa1244
1012,900,lola1248
1013,800,nuau1240
1014,600,pyen1239
1015,739,selu1242
1016,800,nort1550
1017,1000,cong1236
1018,842,iliu1237
1019,1000,yint1235
1020,1013,seru1245
1021,700,sapw1237
1022,800,mose1249
1023,1000,mans1258
1024,653,nata1254
1025,600,sara1323
1026,1160,suku1264
1027,600,krik1239
1028,1823,manx1243
1029,2120,slav1253
1030,1390,nana1257
1031,2025,moks1248
1032,1270,carr1248
1033,1270,carr1249
1034,1735,dogr1252
1035,1800,cent2128
1036,1310,copp1244
1037,1276,veps1250
1038,1400,boro1282
1039,1500,fiji1243
1040,1290,lako1247
1041,2000,lako1247
1042,2000,niha1238
1043,724000,wels1247
1044,995000,qash1240
1045,777000,zapo1437
1046,850000,monn1252
1047,706000,yuca1254
1048,1000000,pala1330
1049,612000,fris1239
1050,610000,rusy1239
1051,843000,fris1238
1052,845100,fris1238
1053,843000,west2354
1054,845100,west2354
1055,843000,west2863
1056,845100,west2863
1057,740000,angi1238
1058,715000,avar1256
1059,766500,avar1256
1060,633610,lezg1247
1061,1000000,dagb1246
1062,603000,bodo1269
1063,745000,gaaa1244
1064,940000,kach1280
1065,738070,chuv1255
1066,746000,furr1244
1067,1000000,gand1255
1068,858000,fang1246
1069,843000,khas1269
1070,865000,khas1269
1071,900000,nuer1246
1072,780000,mara1404
1073,935000,silt1240
1074,810000,ndon1254
1075,645000,kuii1252
1076,893600,newa1246
1077,893600,newa1247
1078,700000,pica1241
1079,800000,tigr1270
1080,600000,wall1255
1081,984000,cent2126
1082,764400,taly1247
1083,860000,bulu1251
1084,781000,ajab1235
1085,700000,huay1239
1086,918200,ayac1239
1087,820000,fare1241
1088,886000,khor1269
1089,600000,jjuu1238
1090,700000,hawa1247
1091,890000,kamb1318
1092,692000,krio1253
1093,700000,kokb1239
1094,871000,kabu1256
1095,940000,isek1239
1096,669000,nobi1240
1097,650000,tain1252
1098,800000,nupe1254
1099,778000,pont1253
1100,640000,sout2808
1101,700000,luuu1242
1102,640000,tawa1286
1103,900000,ryuk1243
1104,760000,taid1247
1105,866000,kach1277
1106,810000,amdo1237
1107,740000,hani1248
1108,980000,gede1246
1109,600000,akha1245
1110,780000,kalm1243
1111,850000,nung1283
1112,820000,swab1242
1113,674000,mamb1296
1114,700000,hlai1239
1115,850000,mala1481
1116,800000,suda1237
1117,720200,shin1264
1118,750000,quec1386
1119,609000,konz1239
1120,825768,nias1242
1121,820000,iumi1238
1122,722000,rong1268
1123,640000,capi1239
1124,890000,ngaj1237
1125,990000,haaa1252
1126,900000,mang1405
1127,700000,creo1235
1128,692000,lugu1238
1129,765000,rakh1245
1130,664000,sham1280
1131,650000,taid1249
1132,980000,nyam1276
1133,618300,logo1258
1134,900000,mand1409
1135,860000,paok1235
1136,600000,varl1238
1137,600000,yurm1239
1138,790000,doty1234
1139,2000000,espe1235
1140,1500000,alsa1241
1141,1251770,esto1258
1142,1500000,latv1249
1143,250000,nama1265
1144,250000,nort3245
1145,250000,amer1248
1146,227000,fran1269
1147,261000,aona1235
1148,232300,assy1241
1149,232300,east2681
1150,201500,extr1243
1151,250000,ripu1236
1152,326000,chak1266
1153,327000,brit1235
1154,237080,dzon1239
1155,237080,nucl1307
1156,230000,basa1284
1157,329000,buri1258
1158,300000,chav1241
1159,320000,fiji1243
1160,330000,fiji1243
1161,283000,fren1243
1162,237000,here1253
1163,300000,friu1240
1164,322900,ingu1240
1165,305364,kara1465
1166,310400,kara1465
1167,300000,mapu1245
1168,319000,papi1253
1169,321300,papi1253
1170,300000,sran1240
1171,297000,tuvi1240
1172,300000,afsh1238
1173,215000,amis1246
1174,300000,esan1238
1175,250000,eton1253
1176,320000,embu1241
1177,300000,hyam1245
1178,250000,gasc1240
1179,296000,maba1277
1180,219000,lamb1271
1181,219100,komi1267
1182,271180,saho1246
1183,213849,maor1246
1184,318000,obol1243
1185,280000,toto1252
1186,273000,wasa1244
1187,250000,jauj1237
1188,274000,zagh1240
1189,250000,bade1248
1190,250000,taya1257
1191,210000,xamt1239
1192,240000,kons1243
1193,287000,alab1254
1194,230000,nyis1236
1195,220000,zeeu1238
1196,280000,naba1253
1197,300000,wayu1243
1198,290000,khow1242
1199,290000,nort2664
1200,230000,enga1252
1201,250000,lazz1240
1202,300000,guia1246
1203,247000,kuan1247
1204,286900,east2303
1205,261000,plau1238
1206,250000,born1254
1207,219000,gumu1244
1208,310000,naxi1245
1209,300000,osin1237
1210,255000,dren1238
1211,275000,ndzw1235
1212,210000,west2560
1213,240000,kamb1299
1214,300000,suii1243
1215,312000,ngaz1238
1216,300000,sumb1241
1217,200000,coas1294
1218,250000,ethi1238
1219,255000,tyap1238
1220,300000,saya1246
1221,200000,yala1263
1222,211000,enge1239
1223,300000,muna1247
1224,310000,nyor1244
1225,200000,taid1250
1226,280000,taid1250
1227,278000,tanz1238
1228,280000,zimb1247
1229,219000,ukra1235
1230,230000,irig1242
1231,300000,hung1263
1232,200000,roni1235
1233,219000,russ1264
1234,250290,nort2774
1235,200000,east2803
1236,320000,malt1247
1237,24300000,roma1327
1238,18000000,mala1537
1239,26900000,ukra1253
1240,12600000,hung1274
1241,13100000,gree1276
1242,45000000,fars1254
1243,16600000,cent1989
1244,16600000,khme1253
1245,20700000,thai1261
1246,32900000,nucl1310
1247,43627550,stin1234
1248,12900000,kaza1248
1249,14000000,taji1245
1250,27000000,uzbe1247
1251,16000000,turk1304
1252,23000000,azer1255
1253,19000000,sout1528
1254,12100000,zulu1248
1255,12370010,raja1256
1256,19972883,raja1256
1257,36000000,raja1256
1258,46000000,roma1329
1259,16000000,nort3180
1260,37300000,xian1251
1261,15300000,sinh1246
1262,16200000,soma1255
1263,17000000,berb1260
1264,21900000,amha1245
1265,15300000,assa1263
1266,14100000,bava1246
1267,22000000,awad1243
1268,16300000,chha1249
1269,13000000,chit1275
1270,13000000,chit1285
1271,13500000,bany1247
1272,15900000,cebu1242
1273,12000000,nyan1308
1274,48200000,hakk1236
1275,14000000,hary1238
1276,15000000,nort2741
1277,24000000,fula1264
1278,22100000,ganc1239
1279,12100000,kiny1244
1280,27000000,nucl1417
1281,47500000,nige1257
1282,43600000,nucl1305
1283,20700000,maga1260
1284,34500000,oriy1255
1285,15800000,nepa1254
1286,24000000,nucl1736
1287,20009000,sera1259
1288,24600000,sind1272
1289,32400000,sund1251
1290,23600000,taga1269
1291,37800000,yoru1245
1292,13000000,tson1249
1293,15000000,kanu1279
1294,33900000,mait1250
1295,14500000,nige1253
1296,14600000,nort2641
1297,15000000,nucl1460
1298,20000000,ling1263
1299,37100000,mala1464
1300,21000000,kurd1259
1301,50100000,minn1241
1302,15000000,mode1248
1303,18000000,taib1242
1304,17000000,cent2195
1305,11600000,tuni1259
1306,27500000,moro1292
1307,43900000,haus1257
1308,46900000,jiny1235
1309,42252851,alge1239
1310,31900000,suda1236
1311,11400000,sana1295
1312,22400000,said1239
1313,44000000,nort3139
1314,14500000,hija1235
1315,39000000,pash1269
1316,15000000,taib1240
1317,12800000,dakh1244
1318,40000000,lech1241
1319,29000000,indo1310
1320,25100000,nort2690
1321,13980000,sylh1242
1322,14000000,atla1275
1323,16010110,swah1253
1324,13800000,sout2697
1325,47000000,west2718
1326,20900000,nort2646
1327,27000000,nkoa1234
1328,11600000,sout3123
1329,77200000,stan1290
1330,208157220,stan1290
1331,58452300,stan1295
1332,76540740,stan1295
1333,82231620,nucl1301
1334,http://www.wikidata.org/.well-known/genid/d68ecb9cd0f476647333ea5e9abc0298,lati1261
1335,64800000,ital1282
1336,485000000,stan1288
1337,1700,wole1240
1338,1800,chip1262
1339,2000,jude1262
1340,1500,inte1239
1341,1500,koro1316
1342,2000,zumb1240
1343,1740,khva1239
1344,1920,jerr1238
1345,1500,hueh1236
1346,2189,zamu1245
1347,2189,ayor1240
1348,1450,bagv1239
1349,1500,alam1246
1350,2100,trio1238
1351,1500,nyah1250
1352,2000,kven1236
1353,2000,tsak1248
1354,2000,elfd1234
1355,1900,moch1255
1356,2100,tsou1248
1357,1650,waor1240
1358,1783,lavu1241
1359,1705,mini1256
1360,1500,resi1246
1361,1750,fore1274
1362,1702,gunw1252
1363,2040,tiwi1244
1364,1360,keii1239
1365,1726,amap1241
1366,1726,kari1301
1367,1500,khuf1238
1368,1347,ambe1248
1369,1700,cofa1242
1370,1283,anin1240
1371,1800,sout2954
1372,1900,bara1380
1373,1850,mala1522
1374,1930,wari1268
1375,1300,paaf1237
1376,1500,penr1237
1377,1700,hupd1244
1378,1700,hupy1235
1379,1800,taca1256
1380,2000,kara1487
1381,1500,esto1238
1382,2100,kore1283
1383,2150,alan1249
1384,1500,oros1238
1385,2000,cham1315
1386,1800,yucu1253
1387,1650,kana1291
1388,2000,kari1316
1389,2000,ciwo1236
1390,1500,sali1298
1391,1300,east2324
1392,1800,pare1272
1393,1500,tali1261
1394,1200,yuru1263
1395,2023,unem1238
1396,2000,chel1242
1397,1400,coat1240
1398,2000,dobe1238
1399,1200,cash1251
1400,1700,waya1269
1401,1570,kamb1324
1402,1400,kana1283
1403,2000,kare1339
1404,2000,latv1245
1405,1300,sani1270
1406,1823,sela1259
1407,2100,selu1242
1408,2000,suru1262
1409,2000,tets1235
1410,1500,wayu1241
1411,1700,yala1266
1412,2136,huar1255
1413,1600,naka1264
1414,1500,kaga1252
1415,2000,west2409
1416,1200,mala1487
1417,1590,kadi1248
1418,1800,khol1241
1419,1500,phon1243
1420,1500,bang1369
1421,1500,leva1238
1422,2212,sans1269
1423,3500,moha1258
1424,2430,algo1255
1425,4000,east2337
1426,2500,daha1247
1427,3420,bats1242
1428,2400,chey1247
1429,2940,mono1273
1430,3770,munj1244
1431,3000,ludi1246
1432,3300,toke1240
1433,2839,shor1247
1434,2500,yazg1240
1435,3300,yazg1240
1436,2600,medi1245
1437,2000000,mace1250
1438,1640000,zaza1246
1439,1925620,azte1234
1440,1200000,bash1264
1441,1500000,scot1243
1442,2000000,piem1238
1443,1600000,afar1241
1444,1300000,vend1245
1445,2000000,vene1258
1446,2000000,dogr1250
1447,1442389,ayma1253
1448,2000000,bata1289
1449,1178000,beja1238
1450,1800000,brah1256
1451,1482929,bodo1269
1452,1500000,hooo1248
1453,1935500,fonn1241
1454,1393900,chec1245
1455,2000000,kuru1301
1456,1600000,kaba1278
1457,1600000,maka1311
1458,1350000,mand1436
1459,1100000,magu1243
1460,1056093,kina1250
1461,1500000,khan1272
1462,1800000,sida1246
1463,1470000,mani1292
1464,1100000,pang1290
1465,1300000,sard1257
1466,1000000,newa1246
1467,1000000,newa1247
1468,1248200,tuar1240
1469,1270000,tong1318
1470,1100000,taus1251
1471,2000000,sich1238
1472,2000000,tulu1258
1473,1200000,tibe1272
1474,1200000,acol1236
1475,1200000,less1242
1476,1133000,ajab1235
1477,2000000,bouy1240
1478,1500000,cusc1236
1479,1100000,sout2789
1480,1700000,mako1251
1481,1600000,bini1246
1482,1500000,kami1255
1483,1340000,doma1258
1484,1000000,kabi1261
1485,1500000,kafa1242
1486,1600000,igal1242
1487,2000000,came1254
1488,1572800,nort2795
1489,1000000,garo1247
1490,1200000,sere1260
1491,2000000,shil1265
1492,1096795,soni1259
1493,1100000,urho1239
1494,1365900,dink1262
1495,1500000,laki1244
1496,1500000,kham1282
1497,1400000,vlaa1240
1498,1600000,limb1263
1499,1600000,limb1265
1500,1395240,west2348
1501,1000000,bakh1245
1502,1100000,hain1238
1503,1300000,emil1241
1504,1000000,patt1249
1505,1470000,patt1249
1506,1616120,sout2991
1507,1000000,nubi1251
1508,1100000,roma1328
1509,1200000,tswa1255
1510,1890815,bagr1243
1511,1200000,nucl1729
1512,1000000,goro1259
1513,1500000,tayy1238
1514,1480000,seba1251
1515,1100000,bata1291
1516,1539000,gunn1250
1517,1140000,muon1246
1518,1800000,rohi1238
1519,1500000,mund1320
1520,1800000,kare1348
1521,1400000,nort2684
1522,1500000,nima1243
1523,1010000,nege1240
1524,1980000,yong1276
1525,1050000,esto1258
1526,1164770,esto1258
1527,1000000,sout2647
1528,1180000,east2347
1529,1200000,east2363
1530,1500000,nort2645
1531,1800000,ciam1234
1532,4000000,nucl1667
1533,3700000,nucl1302
1534,3118000,swed1254
1535,2400000,slov1268
1536,4000000,lith1251
1537,341000000,hind1269
1538,83100000,mara1378
1539,68600000,urdu1245
1540,753359540,stan1293
1541,56400000,guja1252
1542,221000000,port1283
1543,254300000,port1283
1544,128000000,nucl1643
1545,75000000,tami1289
1546,154000000,russ1263
1547,1299877520,sini1245
1548,82000000,telu1262
1549,77300000,kore1280
1550,72893210,cant1236
1551,918000000,mand1415
1552,68058620,viet1252
1553,76000000,viet1252
1554,77000000,mala1546
1555,77000000,indo1326
1556,198996550,stin1234
1557,300000000,beng1280
1558,490100000,hind1270
1559,295000000,arab1395
1560,315421300,arab1395
1561,3390000000,indo1319
1562,400000000,afro1255
1563,64600000,egyp1253
1564,380000000,benu1247
1565,52200000,bhoj1244
1566,90000000,fili1244
1567,68300000,glob1245
1568,125000000,japo1237
1569,300000000,turk1311
1570,81400000,wuch1236
1571,http://www.wikidata.org/.well-known/genid/8e92fe8432cff0b186f620457d465abd,lojb1234
1572,1300000000,sino1245
1573,1470000000,sino1245
1574,300000000,aust1307
1575,63000000,biha1245
1576,60000000,west2792
1577,204000000,braz1246
1578,http://www.wikidata.org/.well-known/genid/1bd77965a7822a96cf35e9ba0c000e7e,talo1253
1579,73212000,nort3191
1580,http://www.wikidata.org/.well-known/genid/be413166e006a8486e9118220b9b5167,brus1234
1581,82300000,swah1253
1582,52800000,west2369
1583,73100000,yuec1235
1584,96308080,mode1259
1585,http://www.wikidata.org/.well-known/genid/3f676448d6a6a89e40e838013c9068a5,sout3305
1586,71200000,indo1316
1587,199000000,indo1316
1588,270200000,indo1316
1589,335000000,stan1318
1590,3500,kory1246
1591,3000,teri1250
1592,2788,pale1260
1593,3324,tiko1237
1594,2200,west2516
1595,3100,toki1239
1596,3900,bujh1238
1597,3000,awji1241
1598,2800,jerr1238
1599,2874,jerr1238
1600,3500,enap1235
1601,3000,abun1252
1602,3800,yami1254
1603,2800,capp1239
1604,4000,wutu1241
1605,4000,pary1242
1606,3000,crow1244
1607,2507,warl1254
1608,2400,chiq1248
1609,3500,bang1363
1610,3500,suki1245
1611,3000,palu1252
1612,2500,komi1277
1613,2400,bora1263
1614,3900,culi1244
1615,2300,colo1256
1616,4000,khet1238
1617,2500,yura1255
1618,2700,yura1255
1619,2900,muru1274
1620,2500,araw1276
1621,4000,pila1245
1622,4000,cams1241
1623,2524,buli1255
1624,2900,cuib1242
1625,2200,mats1244
1626,2729,yami1256
1627,3000,moco1246
1628,3000,puin1248
1629,2200,diod1237
1630,2700,buga1247
1631,3802,epen1239
1632,2900,gane1237
1633,3000,gapa1238
1634,2368.5,inxo1238
1635,3500,mele1250
1636,3000,adan1250
1637,3000,adan1251
1638,3200,kair1263
1639,3000,aben1249
1640,3000,aghu1255
1641,3800,siri1278
1642,3000,shaa1247
1643,2500,khol1240
1644,2240,zire1244
1645,2600,mais1250
1646,3500,tete1251
1647,2486,band1355
1648,3900,baba1273
1649,2500,remo1247
1650,2600,guan1269
1651,3000,jeme1245
1652,2766,djam1256
1653,2560,abua1245
1654,3000,alba1271
1655,3200,bala1314
1656,3240,hula1239
1657,2750,kola1285
1658,3371,kund1257
1659,2800,mitl1235
1660,3000,nasa1239
1661,2500,cent2226
1662,2390,safe1240
1663,3500,sahu1245
1664,2839,selu1242
1665,3000,waer1237
1666,2500,yatz1235
1667,2750,mban1262
1668,3776,nubr1241
1669,3980,east2346
1670,2500,maco1239
1671,2400,lind1248
1672,4700,aran1260
1673,4710,aran1260
1674,4800,aran1260
1675,5087,aran1260
1676,6106,sans1269
1677,4320,roto1249
1678,4200,taaa1242
1679,6670,lowe1385
1680,5000,megl1237
1681,5580,inup1234
1682,5700,caro1242
1683,5660,even1260
1684,4836,dolg1241
1685,6000,bezh1248
1686,5000,siks1238
1687,5100,chuk1273
1688,5500,bart1238
1689,6000,marq1246
1690,4568480,kirg1245
1691,3500000,bosn1245
1692,2400000,gali1258
1693,2300000,nyan1307
1694,3270000,maza1291
1695,3270000,maza1305
1696,4320000,norw1262
1697,4000000,norw1259
1698,3500032,achi1257
1699,3000000,ewee1241
1700,3160000,dagb1246
1701,2400000,vale1252
1702,2700000,dyul1238
1703,3600000,bemb1257
1704,3300000,bali1278
1705,4000000,bali1278
1706,3500000,banj1241
1707,3310000,bhil1251
1708,4200000,bamb1269
1709,2300000,tach1249
1710,2500000,cent2087
1711,4100000,gand1255
1712,2221000,haza1239
1713,2300000,iban1264
1714,3000000,garh1243
1715,2300000,kuma1273
1716,4700000,nige1257
1717,2550000,gila1241
1718,3900000,lomb1257
1719,2700000,senu1239
1720,4000000,firs1234
1721,4100000,nort2794
1722,4100000,nort3233
1723,4600000,sang1327
1724,4700000,sici1248
1725,2400000,susu1250
1726,2034200,swat1243
1727,4500000,tswa1253
1728,4000000,tokp1240
1729,4399000,tari1263
1730,3700000,wolo1247
1731,3100000,wara1300
1732,3400000,tson1249
1733,4009000,tson1249
1734,3000000,abro1238
1735,2100000,baou1238
1736,2693000,efik1245
1737,2500000,biko1240
1738,2800000,fant1241
1739,2100000,lang1324
1740,4500000,tupi1282
1741,3200000,jama1262
1742,2400000,pamp1243
1743,3300000,mane1267
1744,2010000,mold1248
1745,2000000,kich1262
1746,3000000,twii1234
1747,3763900,hass1238
1748,2000000,gamo1244
1749,4000000,sgaw1245
1750,4000000,sout1554
1751,3000000,shan1277
1752,2600000,chad1249
1753,4320500,liby1240
1754,4500000,sout2746
1755,4600000,huiz1242
1756,2500000,puxi1243
1757,3000000,west2357
1758,3000000,tosk1239
1759,4300000,nucl1235
1760,4400000,emil1243
1761,4500000,swis1247
1762,2150000,dutc1255
1763,2000000,uppe1465
1764,4165700,sout2699
1765,2000000,sasa1249
1766,3000000,kare1337
1767,4450000,pula1263
1768,3000000,sout2640
1769,4600000,saha1256
1770,2984453,nort3258
1771,3893000,kamb1297
1772,2390000,chig1238
1773,4500000,chua1256
1774,3000000,braz1236
1775,4473000,hadr1236
1776,3000000,luok1236
1777,3633900,goan1235
1778,2704030,halh1238
1779,2630000,west2384
1780,2700000,stan1324
1781,3000000,saba1263
1782,4000000,merw1238
1783,3050000,east2304
1784,4850000,para1311
1785,5130,yape1250
1786,6150,yidg1240
1787,4600,west2402
1788,5600,fada1250
1789,5000,duup1238
1790,6000,fern1234
1791,5300,mose1249
1792,5000,rapa1244
1793,5000,kamm1249
1794,5000,yele1255
1795,5264,hopi1249
1796,4378,lish1246
1797,5600,vase1234
1798,5000,kuni1268
1799,6160,atik1240
1800,5480,bais1246
1801,6000,kara1474
1802,5000,namu1246
1803,5000,jeju1234
1804,4300,cree1270
1805,4300,araw1282
1806,4750,sais1237
1807,5000,lang1309
1808,6000,desa1247
1809,4537,aran1263
1810,5000,urak1238
1811,6000,nort2845
1812,5400,ajie1238
1813,4000,curr1243
1814,4279,chut1247
1815,4000,pitj1243
1816,6300,cube1242
1817,4500,dusu1269
1818,4870,zamu1243
1819,5000,west2519
1820,6000,maqu1238
1821,5000,yine1238
1822,5700,yagu1244
1823,4000,kaul1240
1824,4300,abad1241
1825,4400,aman1265
1826,4000,ajyi1238
1827,6500,noma1263
1828,6400,piap1246
1829,5000,piya1245
1830,6000,bang1348
1831,6000,awak1250
1832,6600,baru1267
1833,4450,bara1367
1834,6000,kalk1245
1835,6600,mala1471
1836,6200,mach1267
1837,6200,mats1245
1838,6000,kara1509
1839,4180,dama1278
1840,6000,kepo1237
1841,5000,mooo1239
1842,4500,moxo1234
1843,6200,nara1264
1844,5000,remb1250
1845,4000,chak1270
1846,4800,sale1244
1847,6000,todr1244
1848,5500,toto1305
1849,6000,yano1262
1850,5430,domb1246
1851,5000,gbay1278
1852,5000,embe1259
1853,5000,east2464
1854,4000,rong1269
1855,5316,mose1249
1856,4400,maia1254
1857,6000,lewo1244
1858,6680,east1472
1859,4100,shan1274
1860,4000,zull1239
1861,5000,kaza1251
1862,6000,jish1241
1863,8500,arag1245
1864,9000,klin1234
1865,9650,zuni1245
1866,9300,naur1243
1867,8270,mikm1235
1868,10000,nort2626
1869,8000,pras1239
1870,9200,choc1276
1871,10000,bona1250
1872,7030,bash1263
1873,10000,fiji1243
1874,8040,cree1271
1875,7500,kala1372
1876,7500,nort2663
1877,10000,hula1244
1878,8000,kosr1238
1879,9230,khan1279
1880,10000,niue1239
1881,9500,gawa1247
1882,8000,nhen1239
1883,7000,chac1250
1884,10000,bisl1239
1885,9000,ghot1243
1886,9920,krob1245
1887,10000,kryt1240
1888,7500,murs1242
1889,9000,safa1243
1890,8000,swed1236
1891,7800,torr1261
1892,9000,rotu1241
1893,6693,tind1238
1894,8000,udii1243
1895,9600,xava1240
1896,7200,diri1259
1897,6780,hopi1249
1898,7000,mone1238
1899,10000,gali1262
1900,9600,macu1259
1901,8000,bara1273
1902,8400,ayiw1239
1903,7210,arbo1245
1904,10000,tang1374
1905,7000,inte1263
1906,9230,kiow1265
1907,10000,limo1246
1908,10000,kara1484
1909,8500,puyu1239
1910,7000,mund1330
1911,8000,oksa1245
1912,10000,loui1240
1913,8000,huam1247
1914,8500,molo1266
1915,10000,kalo1256
1916,10000,palu1252
1917,10000,sabu1255
1918,10000,phal1254
1919,7000,kxau1241
1920,9000,bond1245
1921,10000,chac1249
1922,7800,apma1240
1923,8428,guah1255
1924,10000,nort2935
1925,7070,baba1268
1926,7070,sout3208
1927,10000,laur1249
1928,9000,lakk1238
1929,7500,whit1269
1930,7270,abau1245
1931,7100,kaya1330
1932,9650,taca1255
1933,10000,sema1266
1934,8700,neng1238
1935,8000,paaa1242
1936,7500,yukp1241
1937,9881,ashe1271
1938,9881,ashe1273
1939,10000,west1510
1940,10000,lagw1237
1941,8100,tema1243
1942,7910,west2538
1943,9500,tung1290
1944,10000,nucl1454
1945,7000,west2640
1946,10000,blag1240
1947,7030,gazi1243
1948,8000,kamo1255
1949,7000,nucl1622
1950,9200,sate1243
1951,7400,magd1235
1952,9663,sher1257
1953,9000,vidu1238
1954,9550,laht1236
1955,9300,zaye1235
1956,7500,camb1244
1957,7000,yara1249
1958,8770,hunj1241
1959,8000,kala1376
1960,8000,tong1310
1961,13300,aari1239
1962,12500,aban1242
1963,14135,sans1269
1964,13300,uppe1395
1965,15000,mira1251
1966,11000,mont1268
1967,11325,chip1261
1968,12000,ainu1251
1969,13445,west2615
1970,10100,aust1271
1971,15800,even1259
1972,16000,juku1256
1973,15000,finn1310
1974,12300,cher1273
1975,10875,cree1271
1976,16000,sari1246
1977,12549,seto1244
1978,12467,dido1241
1979,13000,tuva1244
1980,15000,svan1243
1981,15200,maor1244
1982,11500,waig1243
1983,11900,wakh1245
1984,12000,yagn1238
1985,14000,bang1356
1986,10100,agua1252
1987,15000,land1256
1988,14185,pann1240
1989,14952,lada1244
1990,15000,sanm1289
1991,14300,phui1238
1992,15000,tuam1242
1993,13000,yauy1235
1994,10500,ruka1240
1995,11400,duwa1244
1996,15000,khal1275
1997,14225,drun1238
1998,10500,seve1240
1999,13100,ghad1239
2000,11000,fala1241
2001,16000,yeni1236
2002,14000,chay1248
2003,14000,pano1256
2004,15000,dutc1253
2005,15000,toho1245
2006,13200,rush1239
2007,12055,awac1239
2008,12000,aust1304
2009,12000,west2600
2010,15949,dehu1237
2011,15000,embe1260
2012,13100,kika1239
2013,13770,piar1243
2014,11000,kush1236
2015,12000,mbur1239
2016,12000,sawa1247
2017,13000,wapi1253
2018,12600,waat1238
2019,13000,croa1242
2020,15000,angg1239
2021,12000,tung1290
2022,12000,west2340
2023,15000,kurt1248
2024,12800,sril1237
2025,13000,kham1290
2026,13000,yulu1243
2027,14000,dama1272
2028,12000,aral1243
2029,11200,bint1245
2030,12000,bint1245
2031,10000,esee1247
2032,10600,kepo1237
2033,10000,kubu1239
2034,11900,lise1239
2035,10600,pata1260
2036,14000,riun1237
2037,10000,soaa1237
2038,15000,taid1250
2039,10000,vagh1246
2040,15000,west2555
2041,10000,dend1242
2042,13000,guhu1244
2043,15000,taba1263
2044,13154,crim1254
2045,12000,baba1267
2046,10000,hela1238
2047,11922,taga1267
2048,12000,mari1444
2049,11000,gour1247
2050,10000,kapo1251
2051,10000,gemz1238
2052,15000,logi1239
2053,18000,area1240
2054,16900,cent2127
2055,20000,fiji1243
2056,26205,hawa1245
2057,25810,hara1271
2058,17000,pala1344
2059,20000,phut1246
2060,20000,papi1253
2061,20470,ojib1241
2062,25000,pama1250
2063,25700,nort2671
2064,23681,wakh1245
2065,20000,andi1255
2066,23500,bofi1238
2067,20000,bube1242
2068,19020,buss1239
2069,18000,doya1240
2070,19000,burg1244
2071,20000,lamb1276
2072,18827,huav1256
2073,20000,kond1295
2074,20000,apul1237
2075,20000,kuan1248
2076,20200,newz1236
2077,21926,nene1251
2078,24000,nene1251
2079,16012,sher1255
2080,25000,piji1239
2081,17500,raro1241
2082,23000,tsak1249
2083,20900,zouu1235
2084,23000,anal1239
2085,23000,bana1305
2086,25000,saam1281
2087,20000,taga1278
2088,18530,komo1258
2089,18500,maja1242
2090,26000,lele1265
2091,26000,zulg1242
2092,20000,dera1248
2093,18500,kibe1241
2094,17200,bwek1238
2095,22900,lowe1388
2096,26000,lend1245
2097,20000,dako1258
2098,25000,algh1238
2099,22780,wals1238
2100,20000,taro1264
2101,20000,suda1237
2102,23062,kozy1238
2103,22000,zemb1238
2104,21000,kajt1238
2105,25000,kajt1238
2106,25000,pero1241
2107,25000,lamb1273
2108,24200,kati1241
2109,24200,kati1270
2110,23006,guah1255
2111,20782,guam1248
2112,20000,dusu1271
2113,21400,inab1237
2114,19000,meke1243
2115,16000,tere1280
2116,21000,chil1264
2117,25000,alor1247
2118,25000,diji1241
2119,25000,alek1238
2120,24800,bwil1245
2121,23000,bola1252
2122,18000,mata1306
2123,20000,sula1245
2124,20000,east2440
2125,20000,kamo1254
2126,16400,kami1256
2127,20000,nguo1239
2128,18000,sina1266
2129,24500,mbel1240
2130,20000,mari1411
2131,24000,doee1238
2132,20000,lara1260
2133,22000,sout2990
2134,20000,moni1261
2135,24000,shol1240
2136,20000,anda1280
2137,18900,sanj1286
2138,21000,yaga1260
2139,16200,yano1261
2140,24000,yeyi1239
2141,16000,yoga1237
2142,18964,mann1245
2143,23000,mush1238
2144,26000,sana1278
2145,20000,coco1262
2146,25000,bali1279
2147,26490,sans1269
2148,40039,roma1326
2149,30000,xibe1242
2150,30000,occi1239
2151,37831,abaz1241
2152,29000,pohn1238
2153,40000,ashk1246
2154,36700,erzy1239
2155,30875,juan1238
2156,40000,hutt1235
2157,33000,popt1235
2158,39000,motu1246
2159,35600,kare1335
2160,27200,hawa1245
2161,40000,gura1251
2162,32600,newa1246
2163,32600,newa1247
2164,40000,sand1273
2165,30000,ndyu1242
2166,33600,bass1258
2167,30000,caja1238
2168,37000,carn1240
2169,32050,dend1243
2170,30000,chor1273
2171,33000,inga1252
2172,40000,hual1241
2173,39600,moko1243
2174,30000,ladi1250
2175,31500,nzak1246
2176,32000,mokp1239
2177,29300,aghu1253
2178,38800,teke1280
2179,26900,tagd1238
2180,30770,livv1243
2181,35000,tune1261
2182,28100,wara1303
2183,32800,wara1303
2184,30000,miya1266
2185,40835,limb1266
2186,38000,bunu1267
2187,30000,zaiw1241
2188,34000,plai1258
2189,39000,mayo1264
2190,35000,shua1257
2191,40100,amba1263
2192,40000,guah1252
2193,40000,uuuu1243
2194,27720,tobe1251
2195,33600,juho1239
2196,30000,kozy1238
2197,34152,ship1253
2198,29000,baub1235
2199,32980,buru1303
2200,33226,cora1260
2201,28000,temu1239
2202,30000,maon1241
2203,40000,toba1269
2204,40000,keoo1238
2205,33700,nepa1253
2206,28700,mwal1237
2207,30000,adze1240
2208,30000,adze1241
2209,35000,pang1291
2210,27000,agar1252
2211,37000,bulg1240
2212,37582,dass1243
2213,30000,naga1394
2214,40600,gree1271
2215,30000,tula1252
2216,41000,tuni1262
2217,35000,sonq1234
2218,30000,bala1315
2219,36807,chep1245
2220,28000,sanj1284
2221,30000,higa1237
2222,36000,ikom1245
2223,40000,cent2132
2224,28000,lave1248
2225,30000,kaga1256
2226,29300,kwan1275
2227,30000,lash1243
2228,32000,makw1236
2229,30000,moni1261
2230,37000,oyda1235
2231,29000,sian1257
2232,36000,high1276
2233,31600,tong1320
2234,27000,bend1258
2235,40000,bada1258
2236,40000,geba1237
2237,38000,indr1249
2238,35300,tune1241
2239,40000,hait1245
2240,57000,scot1245
2241,60130,scot1245
2242,49736,sans1269
2243,50000,queb1245
2244,70000,torn1244
2245,69150,faro1244
2246,56200,gree1280
2247,60000,sorb1249
2248,48000,abaz1241
2249,65000,alta1276
2250,43700,argo1244
2251,41400,dung1253
2252,51330,chuu1238
2253,64300,cham1312
2254,60000,jude1257
2255,53900,turk1303
2256,42604,khak1248
2257,70000,sala1264
2258,64800,shug1248
2259,68000,tahi1242
2260,47600,yaey1239
2261,51000,abid1235
2262,44800,bagi1246
2263,60000,bafi1243
2264,60000,amuz1254
2265,43370,chuj1250
2266,44000,braj1242
2267,70000,sikk1242
2268,60000,calo1236
2269,47625,huic1243
2270,64000,libi1250
2271,61000,kuan1248
2272,66500,lepc1244
2273,70000,mboc1235
2274,65000,oban1244
2275,43900,mars1254
2276,61000,mars1254
2277,63000,ngom1272
2278,42000,nubi1253
2279,69899,saot1239
2280,42500,teda1241
2281,47400,rutu1240
2282,70000,tara1321
2283,61000,zouu1235
2284,63100,komi1269
2285,70,maij1234
2286,70,feni1234
2287,60000,bukh1238
2288,70000,bili1260
2289,50300,jude1267
2290,60500,daas1238
2291,50000,senh1238
2292,65000,dira1242
2293,55000,buru1296
2294,50000,balt1257
2295,63000,rawa1265
2296,46000,sril1245
2297,65000,woli1241
2298,50000,caja1240
2299,60000,ngad1261
2300,56584,agua1253
2301,61000,ticu1245
2302,55720,sout2694
2303,50000,nage1237
2304,51000,pano1259
2305,70000,tuji1244
2306,70000,tina1248
2307,51000,boli1256
2308,49710,mbuk1240
2309,69000,gaww1239
2310,60000,ngam1282
2311,42000,tern1247
2312,60000,waja1259
2313,70000,dadi1249
2314,70000,darw1234
2315,50000,bhar1241
2316,45000,kutu1263
2317,63000,mamu1255
2318,50000,mati1250
2319,54416,phom1236
2320,65000,dugu1249
2321,54400,soli1239
2322,43000,taga1272
2323,50000,tiru1241
2324,58000,toua1238
2325,59154,wanc1238
2326,60000,cari1276
2327,51000,kono1270
2328,42500,mong1330
2329,70000,dobr1234
2330,58000,mans1262
2331,65000,chin1476
2332,50000,east2402
